{"10104.0": [900.04102, 1455.351], "10107.0": [900.00098, 1455.351], "10108.0": [900.00098, 1455.351], "10109.0": [900.021, 1455.351], "10110.0": [900.03094, 1455.351], "10112.0": [900.03094, 1455.351], "10114.0": [900.03094, 1455.351], "10115.0": [900.03094, 1455.351], "10116.0": [900.03094, 1455.351], "10119.0": [900.03094, 1455.351], "10120.0": [900.03094, 1455.351], "10121.0": [900.05096, 1455.351], "10122.0": [900.021, 1455.351], "10123.0": [900.04102, 1455.351], "10124.0": [900.021, 1455.351], "10125.0": [900.021, 1455.351], "10136.0": [900.07098, 1455.351], "10137.0": [900.04102, 1455.351], "10138.0": [900.04102, 1455.351], "10140.0": [900.00098, 1455.351], "10141.0": [900.01105, 1455.351], "10142.0": [900.00098, 1455.351], "10143.0": [900.01105, 1455.351], "10144.0": [900.01105, 1455.351], "10146.0": [900.03094, 1455.351], "10148.0": [900.08099, 1455.351], "10152.0": [900.00098, 1455.351], "10153.0": [900.021, 1455.351], "10154.0": [900.01105, 1455.351], "10155.0": [900.07098, 1455.351], "10161.0": [900.03094, 1455.351], "10162.0": [900.03094, 1455.351], "10163.0": [900.03094, 1455.351], "10173.0": [900.03094, 1455.351], "10174.0": [900.04102, 1455.351], "10175.0": [900.04102, 1455.351], "10176.0": [900.04102, 1455.351], "10177.0": [900.021, 1455.351], "10178.0": [900.03094, 1455.351], "10179.0": [900.03094, 1455.351], "10180.0": [900.08099, 1455.351], "10181.0": [900.06104, 1455.351], "10182.0": [900.05096, 1455.351], "10183.0": [900.01105, 1455.351], "10184.0": [900.04102, 1455.351], "10185.0": [900.04102, 1455.351], "10186.0": [900.06104, 1455.351], "10187.0": [900.04102, 1455.351], "10188.0": [900.04102, 1455.351], "10189.0": [900.05096, 1455.351], "10190.0": [900.05096, 1455.351], "10191.0": [900.06104, 1455.351], "10194.0": [900.04102, 1455.351], "10195.0": [900.091, 1455.351], "10196.0": [900.08099, 1455.351], "10197.0": [900.04102, 1455.351], "10198.0": [900.04102, 1455.351], "10199.0": [900.11096, 1455.351], "10208.0": [900.03094, 1455.351], "10209.0": [900.07098, 1455.351], "10210.0": [900.05096, 1455.351], "10211.0": [900.04102, 1455.351], "10213.0": [900.05096, 1455.351], "10222.0": [900.06104, 1455.351], "10223.0": [900.05096, 1455.351], "10225.0": [900.05096, 1455.351], "10226.0": [1000.0, 1409.5], "10227.0": [900.04102, 1455.351], "10228.0": [900.04102, 1455.351], "10231.0": [900.07098, 1455.351], "10235.0": [900.01105, 1455.351], "10236.0": [900.01105, 1455.351], "10237.0": [900.021, 1455.351], "10238.0": [900.04102, 1455.351], "10239.0": [900.021, 1455.351], "10240.0": [900.021, 1455.351], "10241.0": [900.01105, 1455.351], "10242.0": [900.021, 1455.351], "10243.0": [900.00098, 1455.351], "10244.0": [900.03094, 1455.351], "10245.0": [900.01105, 1455.351], "10246.0": [900.00098, 1455.351], "10247.0": [900.00098, 1455.351], "10248.0": [900.03094, 1455.351], "10250.0": [900.01105, 1455.351], "10251.0": [900.01105, 1455.351], "10252.0": [900.021, 1455.351], "10253.0": [900.021, 1455.351], "10254.0": [900.00098, 1455.351], "10325.0": [900.06104, 1455.351], "10326.0": [900.00098, 1455.351], "10332.0": [900.021, 1455.351], "10333.0": [900.021, 1455.351], "10334.0": [900.03094, 1455.351], "10335.0": [900.021, 1455.351], "10336.0": [900.00098, 1455.351], "10337.0": [900.01105, 1455.351], "10338.0": [900.03094, 1455.351], "10339.0": [900.00098, 1455.351], "10340.0": [900.00098, 1455.351], "10341.0": [900.00098, 1455.351], "10342.0": [900.00098, 1455.351], "10343.0": [900.04102, 1455.351], "10368.0": [900.01105, 1455.351], "10369.0": [900.03094, 1455.351], "10370.0": [900.021, 1455.351], "10371.0": [900.01105, 1455.351], "10372.0": [900.04102, 1455.351], "10373.0": [900.01105, 1455.351], "10374.0": [900.04102, 1455.351], "10375.0": [900.00098, 1455.351], "10376.0": [900.021, 1455.351], "10377.0": [900.03094, 1455.351], "10378.0": [900.01105, 1455.351], "10379.0": [900.05096, 1455.351], "10380.0": [900.04102, 1455.351], "10381.0": [900.03094, 1455.351], "10382.0": [900.03094, 1455.351], "10383.0": [900.01105, 1455.351], "10384.0": [900.021, 1455.351], "10385.0": [900.01105, 1455.351], "10386.0": [900.021, 1455.351], "10387.0": [900.00098, 1455.351], "10388.0": [900.021, 1455.351], "10389.0": [900.00098, 1455.351], "10390.0": [900.00098, 1455.351], "10391.0": [900.021, 1455.351], "10392.0": [900.00098, 1455.351], "10393.0": [900.021, 1455.351], "10397.0": [900.00098, 1455.351], "10398.0": [900.00098, 1455.351], "10399.0": [900.021, 1455.351], "10400.0": [900.01105, 1455.351], "10401.0": [900.01105, 1455.351], "10406.0": [900.00098, 1455.351], "10407.0": [900.01105, 1455.351], "10408.0": [900.01105, 1455.351], "10409.0": [900.00098, 1455.351], "10410.0": [900.00098, 1455.351], "10411.0": [900.03094, 1455.351], "10412.0": [900.00098, 1455.351], "10413.0": [900.00098, 1455.351], "10414.0": [900.01105, 1455.351], "10415.0": [900.01105, 1455.351], "10416.0": [900.01105, 1455.351], "10417.0": [900.01105, 1455.351], "10418.0": [900.00098, 1455.351], "10419.0": [900.021, 1455.351], "10420.0": [900.01105, 1455.351], "10421.0": [900.00098, 1455.351], "10422.0": [900.00098, 1455.351], "10423.0": [900.03094, 1455.351], "10424.0": [900.05096, 1455.351], "10425.0": [900.01105, 1455.351], "10426.0": [900.01105, 1455.351], "10427.0": [900.021, 1455.351], "10428.0": [900.04102, 1455.351], "10429.0": [900.021, 1455.351], "10430.0": [900.021, 1455.351], "10431.0": [900.04102, 1455.351], "10432.0": [900.05096, 1455.351], "10433.0": [900.05096, 1455.351], "10434.0": [900.03094, 1455.351], "10435.0": [900.01105, 1455.351], "10436.0": [900.021, 1455.351], "10437.0": [900.04102, 1455.351], "10438.0": [900.05096, 1455.351], "10439.0": [900.06104, 1455.351], "10441.0": [900.05096, 1455.351], "10445.0": [900.00098, 1455.351], "10446.0": [900.00098, 1455.351], "10447.0": [900.01105, 1455.351], "10448.0": [900.04102, 1455.351], "10449.0": [900.00098, 1455.351], "10450.0": [900.00098, 1455.351], "10451.0": [900.00098, 1455.351], "10452.0": [900.00098, 1455.351], "10453.0": [900.01105, 1455.351], "10454.0": [900.04102, 1455.351], "10455.0": [900.01105, 1455.351], "10456.0": [900.07098, 1455.351], "10457.0": [900.01105, 1455.351], "10458.0": [900.01105, 1455.351], "10459.0": [900.03094, 1455.351], "10460.0": [900.021, 1455.351], "10462.0": [900.00098, 1455.351], "10463.0": [900.00098, 1455.351], "10464.0": [900.01105, 1455.351], "10465.0": [900.01105, 1455.351], "10466.0": [900.00098, 1455.351], "10468.0": [900.01105, 1455.351], "10469.0": [900.021, 1455.351], "10470.0": [900.00098, 1455.351], "10471.0": [900.01105, 1455.351], "10472.0": [900.00098, 1455.351], "10473.0": [900.00098, 1455.351], "10474.0": [900.07098, 1455.351], "10475.0": [900.05096, 1455.351], "10476.0": [900.05096, 1455.351], "10477.0": [900.03094, 1455.351], "10478.0": [1000.0, 1409.5], "10480.0": [900.021, 1455.351], "10481.0": [900.00098, 1455.351], "10486.0": [900.00098, 1455.351], "10487.0": [900.00098, 1455.351], "10488.0": [900.04102, 1455.351], "10489.0": [900.04102, 1455.351], "10490.0": [900.021, 1455.351], "10491.0": [900.04102, 1455.351], "10492.0": [900.00098, 1455.351], "10493.0": [900.01105, 1455.351], "10496.0": [900.021, 1455.351], "10497.0": [900.00098, 1455.351], "10498.0": [900.021, 1455.351], "10499.0": [900.01105, 1455.351], "10500.0": [900.01105, 1455.351], "10501.0": [900.01105, 1455.351], "10502.0": [900.021, 1455.351], "10503.0": [900.021, 1455.351], "10504.0": [900.021, 1455.351], "10505.0": [900.00098, 1455.351], "10506.0": [900.00098, 1455.351], "10507.0": [900.021, 1455.351], "10508.0": [900.03094, 1455.351], "10509.0": [900.03094, 1455.351], "10510.0": [900.01105, 1455.351], "10511.0": [900.03094, 1455.351], "10516.0": [900.03094, 1455.351], "10517.0": [900.03094, 1455.351], "10518.0": [900.01105, 1455.351], "10519.0": [900.04102, 1455.351], "10520.0": [900.01105, 1455.351], "10521.0": [900.021, 1455.351], "10522.0": [900.00098, 1455.351], "10523.0": [900.05096, 1455.351], "10524.0": [900.03094, 1455.351], "10525.0": [900.00098, 1455.351],